{
    "$schema": "http://schema.management.azure.com/schemas/2015-01-01/deploymentTemplate.json#",
    "contentVersion": "1.0.0.0",
    "parameters": {
        "factoryName": {
            "type": "string",
            "metadata": "Data Factory name",
            "defaultValue": "DF-PAR"
        },
        "AzureDataLakeStorage1_accountKey": {
            "type": "secureString",
            "metadata": "Secure string for 'accountKey' of 'AzureDataLakeStorage1'"
        },
        "FileServer1_password": {
            "type": "secureString",
            "metadata": "Secure string for 'password' of 'FileServer1'"
        },
        "FileServer2_password": {
            "type": "secureString",
            "metadata": "Secure string for 'password' of 'FileServer2'"
        },
        "MySql1_password": {
            "type": "secureString",
            "metadata": "Secure string for 'password' of 'MySql1'"
        },
        "AzureDataLakeStorage1_properties_typeProperties_url": {
            "type": "string",
            "defaultValue": "https://nbfc.dfs.core.windows.net/"
        },
        "FileServer1_properties_typeProperties_host": {
            "type": "string",
            "defaultValue": "C:\\Users\\pradyumna.shivtare\\SMAPLE"
        },
        "FileServer1_properties_typeProperties_userId": {
            "type": "string",
            "defaultValue": ".\\sysadmin"
        },
        "FileServer2_properties_typeProperties_host": {
            "type": "string",
            "defaultValue": "P:\\Azure Data Engineer"
        },
        "FileServer2_properties_typeProperties_userId": {
            "type": "string",
            "defaultValue": "DELL"
        },
        "MySql1_properties_typeProperties_server": {
            "type": "string",
            "defaultValue": "127.0.0.1"
        },
        "MySql1_properties_typeProperties_database": {
            "type": "string",
            "defaultValue": "dbo"
        },
        "MySql1_properties_typeProperties_username": {
            "type": "string",
            "defaultValue": "root"
        },
        "containerUri": {
            "type": "string",
            "metadata": "URI to storage account containing linked ARM templates"
        },
        "containerSasToken": {
            "type": "string",
            "metadata": "Sas token to storage account containing linked ARM templates"
        }
    },
    "variables": {
        "factoryId": "[concat('Microsoft.DataFactory/factories/', parameters('factoryName'))]"
    },
    "resources": [
        {
            "name": "DF-PAR_ArmTemplate_0",
            "type": "Microsoft.Resources/deployments",
            "apiVersion": "2024-03-01",
            "properties": {
                "mode": "incremental",
                "templateLink": {
                    "uri": "[concat(parameters('containerUri'), '/ArmTemplate_0.json', parameters('containerSasToken'))]",
                    "contentVersion": "1.0.0.0"
                },
                "parameters": {
                    "factoryName": {
                        "value": "[parameters('factoryName')]"
                    },
                    "AzureDataLakeStorage1_accountKey": {
                        "value": "[parameters('AzureDataLakeStorage1_accountKey')]"
                    },
                    "FileServer1_password": {
                        "value": "[parameters('FileServer1_password')]"
                    },
                    "FileServer2_password": {
                        "value": "[parameters('FileServer2_password')]"
                    },
                    "MySql1_password": {
                        "value": "[parameters('MySql1_password')]"
                    },
                    "AzureDataLakeStorage1_properties_typeProperties_url": {
                        "value": "[parameters('AzureDataLakeStorage1_properties_typeProperties_url')]"
                    },
                    "FileServer1_properties_typeProperties_host": {
                        "value": "[parameters('FileServer1_properties_typeProperties_host')]"
                    },
                    "FileServer1_properties_typeProperties_userId": {
                        "value": "[parameters('FileServer1_properties_typeProperties_userId')]"
                    },
                    "FileServer2_properties_typeProperties_host": {
                        "value": "[parameters('FileServer2_properties_typeProperties_host')]"
                    },
                    "FileServer2_properties_typeProperties_userId": {
                        "value": "[parameters('FileServer2_properties_typeProperties_userId')]"
                    },
                    "MySql1_properties_typeProperties_server": {
                        "value": "[parameters('MySql1_properties_typeProperties_server')]"
                    },
                    "MySql1_properties_typeProperties_database": {
                        "value": "[parameters('MySql1_properties_typeProperties_database')]"
                    },
                    "MySql1_properties_typeProperties_username": {
                        "value": "[parameters('MySql1_properties_typeProperties_username')]"
                    }
                }
            },
            "dependsOn": []
        }
    ]
}