{
    "$schema": "https://schema.management.azure.com/schemas/2015-01-01/deploymentParameters.json#",
    "contentVersion": "1.0.0.0",
    "parameters": {
        "factoryName": {
            "value": "DF-PAR"
        },
        "AzureDataLakeStorage1_accountKey": {
            "value": ""
        },
        "FileServer1_password": {
            "value": ""
        },
        "FileServer2_password": {
            "value": ""
        },
        "MySql1_password": {
            "value": ""
        },
        "AzureDataLakeStorage1_properties_typeProperties_url": {
            "value": "https://nbfc.dfs.core.windows.net/"
        },
        "FileServer1_properties_typeProperties_host": {
            "value": "C:\\Users\\pradyumna.shivtare\\SMAPLE"
        },
        "FileServer1_properties_typeProperties_userId": {
            "value": ".\\sysadmin"
        },
        "FileServer2_properties_typeProperties_host": {
            "value": "P:\\Azure Data Engineer"
        },
        "FileServer2_properties_typeProperties_userId": {
            "value": "DELL"
        },
        "MySql1_properties_typeProperties_server": {
            "value": "127.0.0.1"
        },
        "MySql1_properties_typeProperties_database": {
            "value": "dbo"
        },
        "MySql1_properties_typeProperties_username": {
            "value": "root"
        }
    }
}