{
    "$schema": "http://schema.management.azure.com/schemas/2015-01-01/deploymentTemplate.json#",
    "contentVersion": "1.0.0.0",
    "parameters": {
        "factoryName": {
            "type": "string",
            "metadata": "Data Factory name",
            "defaultValue": "DF-PAR"
        },
        "AzureDataLakeStorage1_accountKey": {
            "type": "secureString",
            "metadata": "Secure string for 'accountKey' of 'AzureDataLakeStorage1'"
        },
        "FileServer1_password": {
            "type": "secureString",
            "metadata": "Secure string for 'password' of 'FileServer1'"
        },
        "FileServer2_password": {
            "type": "secureString",
            "metadata": "Secure string for 'password' of 'FileServer2'"
        },
        "MySql1_password": {
            "type": "secureString",
            "metadata": "Secure string for 'password' of 'MySql1'"
        },
        "AzureDataLakeStorage1_properties_typeProperties_url": {
            "type": "string",
            "defaultValue": "https://nbfc.dfs.core.windows.net/"
        },
        "FileServer1_properties_typeProperties_host": {
            "type": "string",
            "defaultValue": "C:\\Users\\pradyumna.shivtare\\SMAPLE"
        },
        "FileServer1_properties_typeProperties_userId": {
            "type": "string",
            "defaultValue": ".\\sysadmin"
        },
        "FileServer2_properties_typeProperties_host": {
            "type": "string",
            "defaultValue": "P:\\Azure Data Engineer"
        },
        "FileServer2_properties_typeProperties_userId": {
            "type": "string",
            "defaultValue": "DELL"
        },
        "MySql1_properties_typeProperties_server": {
            "type": "string",
            "defaultValue": "127.0.0.1"
        },
        "MySql1_properties_typeProperties_database": {
            "type": "string",
            "defaultValue": "dbo"
        },
        "MySql1_properties_typeProperties_username": {
            "type": "string",
            "defaultValue": "root"
        }
    },
    "variables": {
        "factoryId": "[concat('Microsoft.DataFactory/factories/', parameters('factoryName'))]"
    },
    "resources": [
        {
            "name": "[concat(parameters('factoryName'), '/AzureDataLakeStorage1')]",
            "type": "Microsoft.DataFactory/factories/linkedServices",
            "apiVersion": "2018-06-01",
            "properties": {
                "annotations": [],
                "type": "AzureBlobFS",
                "typeProperties": {
                    "url": "[parameters('AzureDataLakeStorage1_properties_typeProperties_url')]",
                    "accountKey": {
                        "type": "SecureString",
                        "value": "[parameters('AzureDataLakeStorage1_accountKey')]"
                    }
                }
            },
            "dependsOn": []
        },
        {
            "name": "[concat(parameters('factoryName'), '/FileServer1')]",
            "type": "Microsoft.DataFactory/factories/linkedServices",
            "apiVersion": "2018-06-01",
            "properties": {
                "annotations": [],
                "type": "FileServer",
                "typeProperties": {
                    "host": "[parameters('FileServer1_properties_typeProperties_host')]",
                    "userId": "[parameters('FileServer1_properties_typeProperties_userId')]",
                    "password": {
                        "type": "SecureString",
                        "value": "[parameters('FileServer1_password')]"
                    }
                },
                "connectVia": {
                    "referenceName": "integrationRuntime1",
                    "type": "IntegrationRuntimeReference"
                }
            },
            "dependsOn": [
                "[concat(variables('factoryId'), '/integrationRuntimes/integrationRuntime1')]"
            ]
        },
        {
            "name": "[concat(parameters('factoryName'), '/FileServer2')]",
            "type": "Microsoft.DataFactory/factories/linkedServices",
            "apiVersion": "2018-06-01",
            "properties": {
                "annotations": [],
                "type": "FileServer",
                "typeProperties": {
                    "host": "[parameters('FileServer2_properties_typeProperties_host')]",
                    "userId": "[parameters('FileServer2_properties_typeProperties_userId')]",
                    "password": {
                        "type": "SecureString",
                        "value": "[parameters('FileServer2_password')]"
                    }
                },
                "connectVia": {
                    "referenceName": "PradyumnaLocalPC",
                    "type": "IntegrationRuntimeReference"
                }
            },
            "dependsOn": [
                "[concat(variables('factoryId'), '/integrationRuntimes/PradyumnaLocalPC')]"
            ]
        },
        {
            "name": "[concat(parameters('factoryName'), '/MySql1')]",
            "type": "Microsoft.DataFactory/factories/linkedServices",
            "apiVersion": "2018-06-01",
            "properties": {
                "annotations": [],
                "type": "MySql",
                "typeProperties": {
                    "server": "[parameters('MySql1_properties_typeProperties_server')]",
                    "port": 3306,
                    "database": "[parameters('MySql1_properties_typeProperties_database')]",
                    "username": "[parameters('MySql1_properties_typeProperties_username')]",
                    "sslMode": 1,
                    "useSystemTrustStore": 0,
                    "password": {
                        "type": "SecureString",
                        "value": "[parameters('MySql1_password')]"
                    },
                    "driverVersion": "v2"
                },
                "connectVia": {
                    "referenceName": "PradyumnaLocalPC",
                    "type": "IntegrationRuntimeReference"
                }
            },
            "dependsOn": [
                "[concat(variables('factoryId'), '/integrationRuntimes/PradyumnaLocalPC')]"
            ]
        },
        {
            "name": "[concat(parameters('factoryName'), '/NewSample_pipeline')]",
            "type": "Microsoft.DataFactory/factories/pipelines",
            "apiVersion": "2018-06-01",
            "properties": {
                "activities": [
                    {
                        "name": "Lookup1",
                        "type": "Lookup",
                        "dependsOn": [],
                        "policy": {
                            "timeout": "0.12:00:00",
                            "retry": 0,
                            "retryIntervalInSeconds": 30,
                            "secureOutput": false,
                            "secureInput": false
                        },
                        "userProperties": [],
                        "typeProperties": {
                            "source": {
                                "type": "DelimitedTextSource",
                                "storeSettings": {
                                    "type": "FileServerReadSettings",
                                    "recursive": true,
                                    "enablePartitionDiscovery": false
                                },
                                "formatSettings": {
                                    "type": "DelimitedTextReadSettings"
                                }
                            },
                            "dataset": {
                                "referenceName": "DelimitedText1",
                                "type": "DatasetReference",
                                "parameters": {}
                            },
                            "firstRowOnly": false
                        }
                    },
                    {
                        "name": "ForEach1",
                        "type": "ForEach",
                        "dependsOn": [
                            {
                                "activity": "Lookup1",
                                "dependencyConditions": [
                                    "Succeeded"
                                ]
                            }
                        ],
                        "userProperties": [],
                        "typeProperties": {
                            "items": {
                                "value": "@activity('Lookup1').output.value",
                                "type": "Expression"
                            },
                            "activities": [
                                {
                                    "name": "Copy data1",
                                    "type": "Copy",
                                    "dependsOn": [],
                                    "policy": {
                                        "timeout": "0.12:00:00",
                                        "retry": 0,
                                        "retryIntervalInSeconds": 30,
                                        "secureOutput": false,
                                        "secureInput": false
                                    },
                                    "userProperties": [],
                                    "typeProperties": {
                                        "source": {
                                            "type": "BinarySource",
                                            "storeSettings": {
                                                "type": "FileServerReadSettings",
                                                "recursive": true,
                                                "deleteFilesAfterCompletion": false
                                            },
                                            "formatSettings": {
                                                "type": "BinaryReadSettings"
                                            }
                                        },
                                        "sink": {
                                            "type": "BinarySink",
                                            "storeSettings": {
                                                "type": "AzureBlobFSWriteSettings",
                                                "copyBehavior": "FlattenHierarchy"
                                            }
                                        },
                                        "enableStaging": false
                                    },
                                    "inputs": [
                                        {
                                            "referenceName": "Binary1",
                                            "type": "DatasetReference",
                                            "parameters": {
                                                "filename": {
                                                    "value": "@item().fileName",
                                                    "type": "Expression"
                                                }
                                            }
                                        }
                                    ],
                                    "outputs": [
                                        {
                                            "referenceName": "Binary2",
                                            "type": "DatasetReference",
                                            "parameters": {
                                                "DestFileName": {
                                                    "value": "@item().containerName",
                                                    "type": "Expression"
                                                }
                                            }
                                        }
                                    ]
                                }
                            ]
                        }
                    }
                ],
                "policy": {
                    "elapsedTimeMetric": {}
                },
                "annotations": [],
                "lastPublishTime": "2025-11-06T09:35:06Z"
            },
            "dependsOn": [
                "[concat(variables('factoryId'), '/datasets/DelimitedText1')]",
                "[concat(variables('factoryId'), '/datasets/Binary1')]",
                "[concat(variables('factoryId'), '/datasets/Binary2')]"
            ]
        },
        {
            "name": "[concat(parameters('factoryName'), '/integrationRuntime1')]",
            "type": "Microsoft.DataFactory/factories/integrationRuntimes",
            "apiVersion": "2018-06-01",
            "properties": {
                "type": "SelfHosted",
                "description": "Access the OnPrem Enviroments",
                "typeProperties": {}
            },
            "dependsOn": []
        },
        {
            "name": "[concat(parameters('factoryName'), '/PradyumnaLocalPC')]",
            "type": "Microsoft.DataFactory/factories/integrationRuntimes",
            "apiVersion": "2018-06-01",
            "properties": {
                "type": "SelfHosted",
                "description": "Pradyumna Personal Laptop",
                "typeProperties": {}
            },
            "dependsOn": []
        },
        {
            "name": "[concat(parameters('factoryName'), '/Binary1')]",
            "type": "Microsoft.DataFactory/factories/datasets",
            "apiVersion": "2018-06-01",
            "properties": {
                "linkedServiceName": {
                    "referenceName": "FileServer1",
                    "type": "LinkedServiceReference"
                },
                "parameters": {
                    "filename": {
                        "type": "string"
                    }
                },
                "annotations": [],
                "type": "Binary",
                "typeProperties": {
                    "location": {
                        "type": "FileServerLocation",
                        "folderPath": {
                            "value": "@dataset().filename",
                            "type": "Expression"
                        }
                    }
                }
            },
            "dependsOn": [
                "[concat(variables('factoryId'), '/linkedServices/FileServer1')]"
            ]
        },
        {
            "name": "[concat(parameters('factoryName'), '/Binary2')]",
            "type": "Microsoft.DataFactory/factories/datasets",
            "apiVersion": "2018-06-01",
            "properties": {
                "linkedServiceName": {
                    "referenceName": "AzureDataLakeStorage1",
                    "type": "LinkedServiceReference"
                },
                "parameters": {
                    "DestFileName": {
                        "type": "string"
                    }
                },
                "annotations": [],
                "type": "Binary",
                "typeProperties": {
                    "location": {
                        "type": "AzureBlobFSLocation",
                        "folderPath": {
                            "value": "@dataset().DestFileName",
                            "type": "Expression"
                        },
                        "fileSystem": "raw"
                    }
                }
            },
            "dependsOn": [
                "[concat(variables('factoryId'), '/linkedServices/AzureDataLakeStorage1')]"
            ]
        },
        {
            "name": "[concat(parameters('factoryName'), '/DelimitedText1')]",
            "type": "Microsoft.DataFactory/factories/datasets",
            "apiVersion": "2018-06-01",
            "properties": {
                "linkedServiceName": {
                    "referenceName": "FileServer1",
                    "type": "LinkedServiceReference"
                },
                "annotations": [],
                "type": "DelimitedText",
                "typeProperties": {
                    "location": {
                        "type": "FileServerLocation",
                        "fileName": "new.csv"
                    },
                    "columnDelimiter": ",",
                    "escapeChar": "\\",
                    "firstRowAsHeader": true,
                    "quoteChar": "\""
                },
                "schema": [
                    {
                        "name": "fileName",
                        "type": "String"
                    },
                    {
                        "name": " \tcontainerName",
                        "type": "String"
                    }
                ]
            },
            "dependsOn": [
                "[concat(variables('factoryId'), '/linkedServices/FileServer1')]"
            ]
        }
    ]
}